Loci_id,S01,S02,S03,S04,S05,S06,S07,S08,S09,S10,S11,S12,S13,S14,S15,S16,S17,S18,S19,S20,S21,S22,S23,S24,S25,S26,S27,S28,S29
L001,GG,GG,AG,GG,AG,GG,GG,AG,GG,GG,--,AG,GG,GG,AG,AG,AG,GG,GG,AG,AG,--,--,GG,--,AG,GG,--,GG
L002,GG,AG,GG,GG,AG,AA,AG,AG,AG,GG,AG,AA,AG,GG,AG,AG,AG,AA,--,AG,AG,AA,GG,--,GG,GG,GG,--,GG
L003,GG,GG,GG,GG,GG,GG,GG,TT,GG,GG,GG,TT,GG,TT,GG,GG,GG,GG,GG,GG,GG,GG,TG,GG,GG,GG,GG,GG,GG
L004,AA,GG,AA,GG,AA,AA,AA,AA,GG,AA,AA,GG,AA,AA,AA,AA,AA,AA,AA,AA,AA,GG,GG,AA,AA,AA,AA,GG,AA
L005,CC,CC,TT,CC,CC,TT,--,CC,CC,TC,CC,CC,CC,TC,--,TT,CC,CC,TT,TC,TT,TT,CC,CC,CC,CC,CC,TC,CC
L006,GG,TT,TG,TT,--,TT,TT,TG,GG,TG,TT,TG,TT,--,TT,TG,TT,TT,TG,TG,TG,TT,TG,TT,TG,TG,TT,TG,TG
L007,--,AA,GG,AA,AA,GG,GG,GG,GG,GG,GG,GG,GG,--,GG,GG,GG,GG,GG,AA,AA,GG,AA,AA,GG,GG,GG,GG,GG
L008,AG,GG,AG,GG,--,GG,GG,--,AA,GG,GG,AG,GG,AG,AG,GG,AG,GG,GG,GG,AG,--,AA,AG,GG,GG,AA,GG,GG
L009,CC,CC,CC,TC,CC,TC,CC,CC,TC,CC,TC,CC,TC,TC,CC,CC,CC,CC,CC,TC,CC,TC,CC,CC,TC,CC,CC,TC,CC
L010,CC,--,TC,--,CC,CC,TT,TC,TC,--,TT,TC,CC,TC,TC,TT,--,TC,CC,--,TT,CC,--,TC,CC,TT,--,CC,TC
L011,AA,AC,AA,AA,AA,AA,--,AA,AA,AA,AA,CC,AA,AC,AA,AA,AA,AA,AA,AA,AA,AA,AA,AA,CC,AA,AA,AA,CC
L012,GG,--,GG,AA,AA,AA,AG,--,AA,--,--,AA,GG,--,GG,GG,AA,AA,GG,--,AG,--,AA,AA,--,GG,--,--,AG
L013,AA,GG,GG,GG,GG,GG,GG,GG,AA,GG,AA,GG,GG,GG,AA,GG,GG,GG,GG,GG,GG,AA,GG,GG,AA,GG,GG,AA,AA
L014,CC,CC,TT,CC,CC,TT,CC,CC,TT,CC,CC,CC,TT,CC,CC,CC,TT,TC,CC,TT,CC,TT,CC,CC,TT,CC,CC,TT,TT
L015,TT,GG,TT,GG,GG,TG,GG,GG,TT,GG,GG,--,TT,TG,TT,TT,GG,--,--,GG,TT,GG,TG,TT,GG,GG,TG,GG,TT
L016,AG,AG,AG,AA,AG,AG,AA,--,AA,AG,AG,AG,AA,AG,AG,AG,AA,AG,AG,AA,GG,AG,AG,AG,AG,AA,AA,AG,AG
L017,CC,AA,AA,AA,AA,AA,AA,CC,CC,AA,AA,CC,AA,AA,AA,CC,AA,AA,AA,AA,CC,AC,AA,AA,AA,AA,AA,AA,CC
L018,CC,--,CC,--,CC,CC,TC,CC,TC,CC,TC,CC,CC,CC,TC,TC,CC,TC,CC,CC,TC,--,CC,--,CC,CC,CC,CC,--
L019,AG,AG,AA,GG,AA,AA,GG,GG,AG,AA,GG,AG,AA,GG,AG,GG,AG,AA,AA,AA,AG,AG,GG,AG,GG,AA,AA,GG,GG
L020,TT,TT,CC,TT,TT,TT,CC,TT,CC,CC,TT,CC,TT,TT,TT,CC,TT,TT,TT,CC,TT,TT,TT,TT,CC,TT,TT,TT,CC
L021,--,GG,GG,--,AG,AG,AA,AG,--,AG,GG,AG,AA,GG,AG,AA,AG,AG,AG,AA,AA,--,AG,AG,AA,AG,AA,AG,--
L022,TT,CC,CC,TC,CC,TT,CC,CC,TT,CC,TT,TT,CC,TT,CC,TC,CC,TT,TT,CC,CC,TT,CC,CC,TT,CC,CC,TC,CC
L023,GG,GG,TT,GG,GG,GG,GG,TT,TG,GG,GG,GG,GG,GG,GG,GG,TG,GG,GG,GG,GG,GG,GG,GG,GG,GG,GG,GG,GG
L024,AA,AA,AA,AA,AA,AA,AA,AA,GG,AA,AA,AA,AA,AA,AA,AA,AA,AA,AA,AA,AA,GG,GG,AA,AA,AA,AA,AA,GG
L025,TT,AA,TT,--,AT,AA,AA,TT,AT,TT,TT,AT,--,TT,AA,TT,AT,TT,TT,TT,TT,AA,--,TT,AT,TT,TT,--,AT
L026,AG,AA,--,GG,AA,AA,AA,AA,GG,AA,AA,AA,GG,AG,AA,AA,AG,AA,AA,AA,--,AA,AA,AA,AA,GG,AA,GG,GG
L027,CC,TC,CC,TC,TC,--,CC,CC,CC,TC,TC,--,CC,CC,CC,CC,TC,--,CC,CC,CC,TC,TC,CC,CC,CC,CC,--,CC
L028,AG,AG,AA,AG,--,GG,AG,AG,AA,--,GG,AA,--,AA,GG,GG,AG,AG,AG,AG,GG,GG,GG,GG,GG,GG,GG,--,AA
L029,GG,GG,GG,GG,GG,GG,GG,GG,GG,GG,GG,GG,TT,GG,GG,GG,GG,GG,GG,GG,GG,TT,TT,TT,TT,GG,GG,GG,GG
L030,TT,TT,TT,TT,TT,TT,TT,TT,TT,CC,TT,TT,TT,TC,TT,TT,TT,TT,CC,TT,TT,TT,TT,TT,CC,TT,TT,CC,TT
L031,CC,CC,TT,CC,CC,CC,CC,CC,TT,CC,CC,CC,TT,TT,CC,CC,TT,TT,TT,CC,CC,CC,CC,CC,TT,CC,CC,CC,TT
L032,CC,CC,TC,CC,TC,TC,CC,--,CC,TC,TT,CC,CC,CC,CC,CC,CC,CC,TC,CC,CC,TC,TC,TC,CC,TC,TT,TC,CC
L033,AA,AA,AA,GG,AA,AA,GG,AA,GG,AA,AA,AA,AA,AA,AA,GG,AA,AA,AA,AA,AA,AA,AA,AA,AA,AA,GG,GG,AA
L034,TC,TT,TT,TC,--,--,--,TC,TT,TT,TC,--,TC,TC,TT,TC,TT,--,TT,--,TC,TC,TC,TC,--,TC,TT,TC,TC
L035,TT,GG,TT,TT,TT,GG,GG,TT,TT,TT,TT,TT,TT,GG,GG,TT,TT,GG,TT,TT,TT,GG,GG,GG,TT,GG,GG,TT,TT
L036,TT,CC,TT,TT,CC,CC,TT,TT,CC,CC,CC,TT,CC,CC,TT,TT,CC,TT,TT,CC,TT,CC,CC,TT,CC,CC,CC,TT,CC
L037,CC,CC,CC,CC,CC,CC,CC,CC,CC,CC,CC,CC,CC,CC,CC,CC,CC,CC,AA,CC,CC,CC,CC,AA,CC,CC,CC,CC,CC
L038,GG,AA,GG,AA,GG,AA,GG,AA,GG,AA,GG,GG,GG,GG,AA,AA,AA,GG,AA,GG,GG,AA,GG,GG,AA,AA,AA,AA,AA
L039,TT,TT,TT,TT,TT,TC,TT,CC,TT,TT,TT,TT,TT,TT,TT,TT,TT,TT,TT,TT,TT,CC,TT,TT,TT,TT,TT,TT,TT
L040,AA,GG,GG,AA,GG,AA,AA,AA,GG,GG,AA,GG,AA,AA,GG,AA,AG,AA,GG,GG,GG,AG,--,GG,AA,--,GG,AG,AA
L041,TT,GG,GG,TT,TG,--,TT,TT,TT,TT,TT,TT,TT,TT,TT,TT,TT,GG,TG,TT,TT,TT,TT,TT,TT,TT,TT,TT,TT
L042,AA,AC,AA,AA,AA,AA,AA,AA,AA,AA,AA,AA,AA,AA,AA,AA,AA,AA,AA,AA,AA,AA,AC,AC,AA,AA,AA,AA,AA
L043,CG,GG,CC,GG,CC,CC,CC,GG,CC,CC,CC,CC,GG,CC,CC,GG,CG,GG,CC,CG,CG,GG,CG,GG,GG,GG,CC,CC,GG
L044,CC,TC,TC,TC,TC,CC,TC,TC,CC,TT,CC,TT,CC,--,TT,CC,CC,TT,TT,TT,TT,CC,CC,TT,CC,CC,TT,--,TT
L045,CC,TC,CC,CC,CC,CC,TC,TC,CC,CC,CC,CC,CC,CC,TC,CC,TC,CC,TC,CC,CC,CC,TC,TC,TC,CC,TC,CC,CC
L046,TC,TC,CC,TC,CC,CC,CC,CC,CC,TC,CC,TC,CC,TC,CC,CC,CC,CC,CC,TC,TC,TC,TC,CC,CC,TC,TC,CC,TC
L047,CC,--,CC,CC,--,CC,CC,CC,CC,TC,CC,TC,CC,--,CC,TC,CC,CC,CC,TC,CC,CC,CC,CC,CC,--,CC,CC,CC
L048,AG,GG,AG,GG,AG,AG,AG,AG,GG,GG,AG,AG,GG,AG,GG,AG,GG,AG,AG,GG,GG,AG,GG,AG,GG,GG,AG,GG,GG
L049,CC,CC,CC,CC,CC,CC,TT,TT,TT,CC,TT,CC,TC,CC,CC,TT,CC,CC,CC,TT,CC,TT,TT,CC,CC,TT,TT,CC,TC
L050,AA,GG,GG,GG,GG,GG,AG,AA,GG,GG,GG,GG,AA,AA,GG,GG,GG,GG,GG,GG,GG,GG,GG,GG,GG,GG,GG,AG,AA
L051,AA,AA,AA,AA,AA,AA,AA,AA,AA,AA,TT,AA,AA,AT,AA,AT,AT,AA,AA,AA,AA,TT,TT,AA,AA,AA,TT,AA,AA
L052,TT,GG,GG,TT,GG,GG,TT,TT,TT,TT,TT,GG,TT,TT,TT,TT,TT,GG,GG,TT,TT,TT,TT,TT,TT,TT,GG,TT,TT
L053,GG,GG,AA,GG,AA,AA,AG,GG,GG,GG,GG,AA,GG,GG,GG,GG,GG,AA,GG,GG,GG,GG,AA,GG,GG,AA,AA,AA,GG
L054,AA,--,AG,AG,AA,--,GG,GG,--,AA,GG,AA,AA,--,AG,AA,AA,AG,AA,AA,AA,AA,AA,AG,AG,AA,AG,AA,AG
L055,AA,AG,AA,GG,AA,AA,GG,GG,AA,GG,GG,GG,AA,AA,AA,GG,GG,GG,AA,GG,GG,GG,GG,GG,GG,GG,GG,AA,AA
L056,AA,AA,AA,AA,AA,AA,AA,AA,AA,AA,AA,AA,AA,AA,AA,AA,AA,AA,AA,AA,AA,AA,AA,AA,AA,AA,AA,AA,AA
L057,GG,GG,--,GG,GG,GG,GG,TG,TT,GG,TG,GG,GG,TG,GG,TG,TG,TG,GG,TG,--,GG,GG,TG,--,--,TG,GG,TT
L058,TT,TT,TT,TT,TT,TT,TT,TT,TT,TT,TT,TT,TT,TT,TT,CC,TT,TT,CC,TT,TT,TT,TT,TT,TT,TT,TT,TT,TT
L059,AG,AG,AA,AG,--,GG,AA,GG,AA,GG,GG,GG,AA,--,AA,AA,GG,AA,AG,AA,--,AG,GG,GG,AG,AG,AG,GG,AG
L060,TT,CC,TT,TT,TT,TT,TT,TT,TT,TT,TT,TT,TT,TT,TT,TT,CC,TT,TT,CC,TT,CC,TT,TT,TT,TT,TT,TT,TC
L061,TT,CC,CC,CC,CC,CC,CC,CC,CC,CC,CC,CC,CC,CC,CC,CC,CC,CC,CC,CC,CC,CC,CC,CC,CC,CC,CC,CC,CC
L062,AA,AC,CC,AC,CC,AC,CC,AC,CC,CC,CC,CC,--,AC,CC,CC,CC,AC,CC,AC,AA,AA,CC,AC,AC,CC,AC,AC,CC
L063,GG,AA,GG,GG,AA,AA,AA,AA,GG,GG,AA,AA,GG,AA,AA,AA,AA,GG,AA,AA,GG,GG,GG,AA,GG,AA,AA,AA,GG
L064,CC,CC,CC,CC,CC,CC,TT,CC,CC,TT,CC,CC,TT,CC,TT,CC,CC,CC,TT,TT,CC,CC,CC,CC,TT,CC,CC,TC,TT
L065,CC,CC,CC,TT,TT,TC,TT,TC,CC,TC,TC,TC,TT,CC,TC,TC,CC,TC,CC,TT,TC,TT,CC,TT,TC,TT,TC,TC,TC
L066,AG,GG,AA,AA,AA,AA,AA,AA,GG,AA,AA,GG,AA,GG,AA,AG,AA,AA,GG,GG,AA,GG,AA,--,AA,AA,AA,AA,AA
L067,CC,AA,AA,AA,AA,AA,AA,AA,AA,AA,AA,AA,CC,AA,AA,AA,AA,AA,AA,AA,AA,AA,AA,AA,AA,AA,CC,AA,AA
L068,--,AA,--,AA,AA,AA,AA,AT,AA,AT,AA,--,AA,AA,--,AA,AA,AA,AA,AA,AA,AA,AT,TT,AA,AA,--,AA,AA
L069,AG,GG,AA,AA,AA,GG,AA,AG,AG,AA,GG,AA,AG,AA,AA,AA,AA,AA,AA,AA,AA,AG,AA,AA,AA,AG,AA,AA,AA
L070,AA,AA,AA,CC,AA,AA,CC,CC,AA,AA,AA,AA,AA,AC,AA,AA,AA,AA,AA,CC,AA,AA,AA,AA,AA,AA,CC,AA,AA
L071,GG,GG,GG,GG,GG,GG,GG,--,GG,GG,GG,GG,GG,GG,GG,GG,GG,GG,GG,AG,GG,GG,GG,GG,GG,GG,AG,GG,AG
L072,AG,AA,AA,AA,AA,AA,AA,AA,AA,AA,AA,AA,AG,AG,AA,AA,AA,AA,--,AA,AA,AG,AG,AA,--,AG,AG,AA,AA
L073,--,GG,AG,GG,GG,GG,GG,GG,--,GG,GG,GG,AG,AG,AG,GG,AG,GG,GG,GG,AG,GG,GG,AG,GG,GG,--,AG,GG
L074,GG,AG,GG,AG,AG,AG,GG,AG,GG,GG,GG,AG,GG,GG,GG,GG,AG,AG,GG,AG,AG,GG,GG,GG,GG,GG,AG,GG,AG
L075,GG,GG,TT,TT,TT,TT,TT,TT,TT,TT,TT,TT,GG,TT,GG,TT,TT,GG,TT,GG,TT,TT,TT,TT,GG,TT,TT,GG,TT
L076,CC,CC,--,CC,CC,CC,CC,CC,CC,CC,CC,CC,TT,CC,CC,CC,CC,CC,CC,CC,CC,CC,TC,TT,CC,CC,CC,CC,CC
L077,AG,GG,GG,GG,GG,AG,GG,GG,GG,GG,GG,GG,AG,GG,GG,AG,GG,GG,GG,GG,AG,AG,GG,--,AG,GG,GG,AG,GG
L078,--,--,CC,CC,--,CC,CC,--,CC,CC,CC,CC,--,CC,CC,CC,CC,CC,CC,CC,TC,CC,CC,CC,CC,CC,CC,CC,CC
L079,CC,--,TC,TC,--,CC,CC,TC,--,--,TC,--,CC,CC,TC,--,CC,TC,--,--,TC,TC,TC,TC,--,CC,--,TC,CC
L080,TT,TT,TG,TG,TT,TT,TG,TG,TG,TG,TG,TG,TT,TT,TG,TG,TG,TT,TG,TG,TG,TT,TT,TG,TT,TG,TG,TT,TT
L081,TT,TT,TT,TT,TT,TT,TT,TT,--,TT,TT,TT,TT,TT,TT,TT,TT,TT,TT,--,TT,TT,TT,TT,TT,TT,TT,TT,TT
L082,GG,GG,AA,AA,AG,AG,AG,--,AG,AG,AG,AG,GG,GG,GG,GG,AG,AG,AG,--,AA,GG,AG,GG,AA,AA,AG,AG,GG
L083,GG,GG,AA,AA,AA,AG,GG,AA,GG,AA,GG,AA,AA,GG,AA,AA,AA,--,AG,GG,AG,GG,AG,AG,AA,GG,AA,AA,AG
L084,GG,TG,GG,GG,GG,GG,GG,GG,GG,GG,GG,GG,TG,TG,TG,GG,GG,GG,TG,TG,GG,GG,TG,GG,TG,GG,GG,GG,GG
L085,GG,TT,GG,TT,GG,GG,TT,GG,TT,GG,GG,GG,TT,TT,GG,TT,TT,GG,TT,TT,GG,TT,TG,GG,TG,TT,TT,GG,TT
L086,CC,CC,CC,CC,CC,CC,CC,CC,CC,CC,CC,CC,CC,TC,TT,CC,CC,CC,CC,CC,CC,CC,CC,CC,CC,CC,CC,CC,CC
L087,TT,TT,TT,TT,TT,TT,TT,TT,TT,TT,TT,TT,TT,TT,TT,TC,TC,TT,TT,TT,TT,TT,TT,TT,TT,TT,TT,TT,TT
L088,AA,AT,TT,AA,AA,TT,AA,TT,AA,AA,TT,TT,AT,AT,TT,AA,TT,TT,TT,AA,TT,TT,TT,TT,AT,TT,AA,AA,AA
L089,AA,AA,AA,--,AA,AA,AA,AA,AA,AA,AA,AA,AA,AA,AA,AA,AA,AA,AA,AC,AA,AA,AA,AC,AA,AA,AC,AA,AA
L090,GG,AA,GG,AA,GG,GG,GG,AA,AA,GG,GG,AA,GG,GG,GG,GG,GG,GG,GG,AA,GG,GG,GG,AA,GG,GG,AA,GG,GG
L091,CC,TT,--,CC,--,CC,--,TT,TC,--,TT,CC,CC,TT,CC,CC,--,CC,CC,--,TT,TT,TC,CC,CC,CC,CC,TC,CC
L092,AT,TT,TT,TT,AT,AA,TT,TT,TT,TT,TT,--,AT,TT,AA,TT,TT,TT,TT,TT,TT,TT,TT,TT,TT,TT,TT,TT,TT
L093,CC,CC,CC,CC,CC,CC,CC,CC,CC,CC,CC,CC,CC,CC,CC,CC,CC,CC,CC,CC,CC,CC,CC,CC,CC,CC,CC,CC,CC
L094,TT,TT,GG,GG,GG,GG,TT,GG,GG,GG,GG,GG,TT,GG,TT,GG,TT,GG,GG,GG,GG,GG,GG,GG,GG,GG,GG,GG,GG
L095,TT,CC,CC,TC,CC,CC,CC,CC,CC,CC,CC,CC,CC,TT,CC,TC,CC,CC,CC,CC,CC,TC,CC,TT,CC,TC,TT,CC,CC
L096,AC,AC,AA,AC,AA,AC,AC,AC,AA,AA,AA,AC,AA,AC,AC,AA,AC,AA,AA,AC,AC,AC,AA,AC,AA,AC,AA,AC,AA
L097,TT,TT,TT,TT,TT,TT,TT,TT,TT,TT,TT,TT,TT,TT,TT,TT,TT,TT,TT,TT,TT,TT,TT,TT,TT,TT,TT,TT,TT
L098,AA,AG,GG,AA,AA,AA,GG,GG,AA,GG,AA,AA,GG,GG,GG,AA,AA,AA,AA,GG,GG,GG,AG,GG,AA,AA,GG,AG,AA
L099,TC,CC,TC,CC,CC,CC,TC,TC,TC,CC,TC,TC,TC,CC,TC,CC,CC,CC,TC,TC,TC,TC,CC,CC,TC,CC,CC,TC,TC
L100,TT,TT,TT,--,TT,TT,TT,CC,TC,TT,TT,TC,TT,TT,TT,TT,CC,TT,TT,TT,TT,TT,TT,TT,TT,TT,TT,TT,TT
L101,TC,TC,CC,CC,TC,TC,--,TC,CC,TC,TC,CC,CC,TC,CC,CC,TC,TC,CC,CC,CC,TC,TC,TC,CC,CC,TC,--,CC
L102,CC,CC,GG,CC,CC,CC,GG,GG,GG,GG,GG,GG,CC,GG,GG,CC,GG,CC,CC,CC,GG,GG,GG,CC,CC,GG,GG,CC,GG
L103,TT,GG,TT,GG,TT,TG,TT,TT,--,TT,TG,TT,--,GG,TT,TG,TT,--,--,TT,TT,--,TG,GG,TT,GG,TT,TG,TT
L104,TG,GG,TG,GG,TG,TG,TG,TG,GG,TG,GG,TG,TG,GG,GG,GG,GG,TG,GG,GG,GG,GG,TG,TG,TG,GG,TG,GG,TG
L105,TT,TT,TT,TT,TT,TT,TT,TT,TT,TT,TT,TT,TT,TT,TT,TT,TT,TT,TT,TT,TT,TT,TT,TT,TT,TT,TT,TT,TT
L106,AA,AA,AG,AG,AG,AA,--,AG,--,AG,AA,AG,AA,AA,AA,AA,AA,AA,AA,AA,AG,AA,AG,AA,AA,AG,--,--,AA
L107,CC,--,CC,CC,CC,CC,CC,CC,CC,CC,CC,--,CC,TC,TC,--,TC,CC,--,CC,CC,CC,CC,--,TC,CC,CC,--,CC
L108,TC,CC,CC,TC,TT,TC,TT,CC,TT,TT,TC,TT,TT,TT,TT,TC,TT,TT,TT,TC,--,TC,--,--,TT,TC,TT,TT,TC
L109,--,--,CC,TC,CC,TC,TC,TC,CC,TC,--,CC,TC,TC,TC,TC,TC,--,--,TC,CC,--,--,TC,--,TC,TC,TC,TC
L110,GG,GG,GG,GG,AA,AA,GG,AG,GG,AA,GG,AG,GG,AG,GG,AA,AG,AA,GG,GG,GG,GG,GG,GG,GG,GG,AA,AA,GG
L111,GG,GG,TT,GG,TT,TT,TT,TT,TT,TT,TT,TT,TT,GG,TT,TT,TT,TT,GG,TT,GG,GG,GG,TT,TT,GG,TT,TT,TT
L112,AA,GG,AA,AA,GG,GG,AA,AA,AA,AA,AA,AA,AA,AA,AA,AA,AA,GG,--,AA,AA,GG,AA,AA,AA,AA,AA,AA,AA
L113,TC,TT,TT,CC,CC,CC,TT,CC,TT,CC,CC,TT,TT,TC,CC,CC,TC,TT,TT,CC,TT,CC,TC,TT,CC,CC,CC,TC,TT
L114,AA,GG,AA,GG,GG,--,AA,AA,AA,AA,AA,GG,GG,GG,AA,GG,--,AA,AA,AA,AA,GG,GG,AA,AA,AA,AA,AG,AA
L115,GG,GG,GG,AG,--,GG,GG,GG,AG,AG,GG,AG,--,--,GG,--,GG,AA,AG,GG,GG,GG,AG,GG,GG,GG,AG,GG,AG
L116,AA,AA,AA,AA,AA,AA,AA,AA,AA,AA,--,AA,AA,--,AA,AA,AA,AA,AA,GG,AA,AA,--,AA,AA,AA,AA,AA,--
L117,GG,GG,AA,GG,GG,GG,GG,GG,GG,GG,GG,AA,GG,GG,GG,GG,GG,GG,GG,GG,AA,AA,AG,GG,GG,GG,GG,GG,AA
L118,AC,AC,CC,CC,CC,AC,AA,CC,AA,--,CC,CC,AC,AA,AA,AA,AC,CC,AC,--,CC,AC,AC,CC,AA,CC,CC,CC,--
L119,TT,CC,TT,TT,TT,CC,TT,CC,TT,TT,CC,CC,TT,TT,CC,CC,CC,TT,CC,TT,CC,CC,CC,TT,TT,TT,CC,TT,TT
L120,AA,AA,GG,GG,GG,AA,GG,GG,GG,GG,GG,GG,AA,GG,GG,AA,GG,AA,GG,GG,AA,GG,GG,GG,GG,GG,GG,AA,GG
L121,GG,GG,GG,GG,GG,GG,GG,GG,AG,--,AG,AG,GG,GG,AG,AG,AG,GG,GG,AG,AG,GG,--,AG,GG,GG,--,GG,AG
L122,GG,AG,--,AA,AG,AG,AG,AG,AG,AG,AG,AG,AG,AA,AA,AG,AA,AG,AG,AA,AG,AG,AG,AA,AG,AG,AA,AG,GG
L123,CC,--,--,CC,TT,CC,TC,TT,TT,TT,TT,TC,TT,CC,CC,TC,TT,CC,CC,TC,CC,CC,TT,TC,CC,TT,CC,--,TC
L124,TT,TC,CC,--,TC,TT,TC,CC,TT,TC,TC,TC,CC,TC,CC,CC,TC,TT,CC,TC,CC,CC,--,CC,TC,TC,TC,TC,TC
L125,AC,CC,CC,CC,AC,AC,AC,CC,AC,AC,AC,CC,CC,AC,CC,AC,AC,AC,AC,CC,CC,CC,CC,CC,AA,CC,CC,AC,CC
L126,GG,GG,GG,GG,GG,GG,GG,GG,GG,GG,GG,GG,GG,GG,GG,GG,GG,GG,GG,GG,GG,GG,GG,GG,GG,GG,GG,GG,GG
L127,CG,CC,CC,CG,CG,GG,CG,--,CG,CC,CC,GG,CG,CC,CG,CC,GG,GG,GG,CC,CG,--,CG,CG,CC,GG,GG,CC,CG
L128,AA,AA,AA,AC,CC,--,AA,AC,AA,AA,AA,--,AA,AA,AA,AC,AC,CC,AA,AA,CC,AA,AA,AA,AA,AA,AA,CC,AA
L129,TC,TT,TT,--,TT,TT,CC,CC,TT,--,TT,CC,TC,TC,CC,CC,TT,--,CC,TT,--,TC,TC,TT,--,CC,--,CC,TT
L130,GG,CG,GG,CG,CC,CC,GG,CG,CG,CG,CG,GG,CG,CC,GG,CG,CC,CC,GG,GG,GG,CC,CC,CG,GG,CG,GG,CC,CC
L131,--,GG,AA,AG,GG,AA,AA,GG,AA,GG,GG,AA,GG,GG,GG,AG,GG,AA,AA,AA,AG,AG,AG,GG,AG,GG,GG,GG,GG
L132,TT,TT,TT,CC,CC,--,TT,CC,TT,CC,TT,TT,CC,TT,TT,CC,TT,CC,TT,CC,TT,TT,TT,TT,CC,CC,CC,CC,CC
L133,TC,TC,CC,TC,CC,CC,CC,TC,CC,CC,TC,CC,TC,TC,CC,TC,CC,CC,CC,TC,CC,TC,TC,TC,TC,TC,CC,CC,TC
L134,GG,GG,GG,GG,GG,GG,GG,GG,GG,GG,GG,GG,GG,GG,GG,GG,GG,GG,GG,GG,GG,GG,GG,GG,GG,GG,GG,GG,GG
L135,--,AA,AA,AA,AG,--,AA,--,AA,AA,AG,AA,AG,AA,AG,--,--,AG,AA,AG,AG,--,AG,AG,AA,AA,AA,AA,AA
L136,GG,CC,CC,CC,GG,GG,GG,CC,GG,GG,CC,CC,GG,GG,GG,GG,GG,CC,GG,GG,CC,GG,GG,CC,GG,CC,CC,GG,GG
L137,TC,TC,TT,--,TT,CC,CC,TT,TT,--,TC,CC,CC,TC,TT,TT,CC,TT,TT,TT,TT,TC,TT,TC,CC,TC,CC,CC,CC
L138,CC,CC,TT,TT,CC,CC,TC,CC,TC,CC,TT,TC,CC,TT,CC,CC,CC,CC,CC,TT,CC,TT,TT,TC,CC,CC,TC,CC,CC
L139,TG,TG,GG,GG,GG,GG,--,--,GG,GG,--,--,GG,GG,GG,TG,GG,GG,GG,GG,GG,--,TG,GG,GG,TG,GG,GG,TG
L140,TC,TT,TC,TT,CC,TC,TC,TC,CC,CC,TT,TC,TC,--,TC,TT,TC,TC,CC,TT,CC,TC,TT,TC,TC,TT,TT,TC,TC
L141,--,GG,GG,AG,AG,--,GG,GG,--,GG,--,--,GG,GG,GG,GG,--,--,GG,--,GG,GG,GG,AG,GG,GG,GG,AG,--
L142,TC,CC,--,CC,TC,TC,TC,TT,CC,TT,TT,CC,TC,TC,CC,TT,TC,--,TT,CC,--,CC,TC,TC,TC,CC,TT,TC,--
L143,--,GG,GG,GG,AG,GG,--,AG,AG,AG,GG,GG,AG,GG,GG,GG,GG,GG,GG,GG,AG,GG,GG,GG,AG,GG,GG,GG,AG
L144,TT,TT,TT,TG,TT,TT,TT,TG,TT,TT,TT,TT,TT,TT,TG,TT,TT,TG,TT,TT,TT,TT,TT,TT,TT,TT,TT,TT,TT
L145,GG,TT,GG,TT,TT,TT,TT,TG,GG,TT,TT,TT,TT,TT,TT,TT,TT,TT,TT,TT,GG,TT,TT,TT,TT,TT,TT,TT,TT
L146,AA,--,AA,AA,AA,--,--,AA,--,AA,AA,--,AA,--,AA,--,AA,--,AA,AA,--,--,GG,--,AA,AA,AA,AG,--
L147,AG,AG,GG,GG,--,AG,GG,GG,AG,AG,AG,GG,AG,--,GG,GG,AG,GG,GG,GG,AA,--,GG,GG,AG,GG,GG,GG,AA
L148,GG,TG,TG,TG,TG,TG,TG,TG,TG,GG,TG,GG,GG,TG,GG,GG,--,TG,TG,TG,TG,GG,GG,TG,GG,GG,--,GG,GG
L149,TC,CC,CC,TT,TT,TT,CC,TT,CC,CC,CC,CC,CC,--,CC,TT,--,CC,TC,CC,CC,TC,CC,CC,CC,TT,CC,TT,CC
L150,TT,TT,TT,TT,--,--,TG,TG,TT,TT,TT,TT,TT,TT,TT,--,TG,--,TT,TT,TT,TG,TT,TG,TT,TT,TT,TT,TT
L151,AA,AA,CC,CC,AA,AA,CC,CC,CC,CC,AA,CC,AC,AC,CC,CC,AA,CC,AC,--,AC,CC,AC,AA,CC,CC,CC,CC,--
L152,CC,CC,TT,CC,CC,CC,TT,TT,TT,TC,TT,CC,CC,CC,TT,CC,CC,CC,TT,TT,TT,CC,CC,TT,CC,TT,TT,TT,TT
L153,GG,GG,GG,GG,GG,GG,GG,GG,GG,GG,GG,GG,AG,--,GG,GG,--,GG,GG,AG,GG,AG,GG,AG,AG,GG,--,GG,GG
L154,AA,AA,AA,AG,AA,AA,GG,AA,AA,AA,AA,AA,AA,GG,AA,AA,AA,AA,AA,GG,AA,GG,AA,AA,AA,AA,AA,AA,AA
L155,GG,TT,TT,TT,TT,TT,TT,TT,GG,TG,TT,TT,GG,TT,TT,GG,TT,TT,TG,TT,--,TT,TT,--,GG,TT,TT,TT,GG
L156,AA,AA,AA,AA,GG,AA,GG,AA,AA,GG,AA,GG,AA,AA,AA,AA,AA,AA,AA,AA,AA,GG,GG,GG,AA,GG,GG,AA,AA
L157,TT,TT,TT,TT,TT,GG,TT,TG,TG,TT,TT,TT,TT,TT,TT,TT,TT,TT,GG,TT,TT,TT,TT,TT,TG,TT,GG,TT,TT
L158,GG,AA,AG,AA,AA,GG,AA,AG,AG,AA,GG,AG,AG,GG,GG,AG,AG,GG,AA,AA,GG,GG,AG,AA,AG,GG,GG,AA,GG
L159,GG,GG,GG,GG,GG,GG,AA,GG,AA,GG,GG,GG,GG,AG,GG,GG,GG,GG,GG,GG,GG,AA,GG,GG,AG,GG,GG,AG,AA
L160,GG,TT,TT,GG,TT,TT,TT,TG,TG,TT,TT,TT,TT,TT,GG,TT,TT,TT,TT,TT,GG,TT,TT,GG,TT,TT,TT,TT,TT
L161,TT,GG,GG,TG,TG,TT,TG,TG,TT,TT,TT,TG,TT,TT,TT,TG,TT,TG,TG,TG,TG,TT,GG,GG,TT,TT,TG,TG,TG
L162,CC,CC,CC,CC,CC,CC,CC,CC,CC,CC,CC,CC,CC,CC,CC,CC,CC,CC,CC,CC,CC,CC,CC,CC,CC,CC,CC,CC,CC
L163,AA,GG,AA,AA,AA,AA,AA,AA,AA,GG,GG,GG,AA,AA,AA,AA,AA,GG,GG,AG,AG,AA,GG,AA,GG,GG,GG,GG,GG
L164,AA,AA,AA,AA,AA,AA,AA,AA,AA,AA,AA,AA,AA,AA,AA,AA,AA,AA,AA,AA,AA,AA,AA,AA,AA,AA,AA,AA,AA
L165,GG,GG,AA,AA,--,GG,AG,AG,--,AG,AG,AG,GG,AG,GG,GG,--,GG,AG,AA,GG,GG,AG,GG,GG,AG,AG,GG,GG
L166,AA,--,AG,AG,AG,AG,AG,AG,AG,AG,--,AG,--,AG,AA,AG,AG,AG,AG,GG,AG,AG,--,AG,--,AG,AG,AG,AA
L167,AG,GG,GG,GG,GG,GG,GG,AG,GG,GG,AA,GG,GG,GG,AG,AA,GG,--,AA,--,--,AA,AA,GG,AG,AA,GG,AG,GG
L168,AG,AG,AG,GG,AA,AA,AA,AA,AA,AG,AA,AA,AG,AG,AA,AA,AG,AA,AA,AA,AA,AA,AA,AA,AG,AA,AG,AA,GG
L169,TG,TG,GG,GG,TG,TG,GG,GG,GG,TG,GG,GG,GG,TG,GG,TT,TG,TG,GG,TG,TG,TG,GG,TG,TG,TT,TT,TT,TT
L170,CC,CC,TT,CC,CC,CC,CC,CC,CC,CC,CC,CC,TT,CC,CC,CC,CC,TT,CC,TT,CC,CC,CC,CC,CC,CC,CC,CC,CC
L171,CC,CC,CC,CC,CC,CC,CC,CC,TT,CC,CC,CC,TC,CC,TC,TC,CC,CC,TC,CC,CC,CC,CC,CC,TC,CC,CC,CC,CC
L172,TT,TT,TT,TT,GG,TT,TT,TT,TT,TT,TT,GG,TT,TT,TT,TT,TT,TT,TT,TT,GG,TT,TT,GG,TT,TT,TT,TT,TT
L173,TT,CC,CC,CC,CC,CC,TT,CC,TC,CC,CC,CC,CC,TC,TT,TT,CC,TT,--,TT,TT,CC,CC,TT,CC,CC,CC,TC,CC
L174,GG,AG,GG,AA,GG,--,GG,GG,GG,AA,AA,GG,AA,AA,--,GG,GG,AG,AG,AG,GG,AA,--,GG,AG,AG,GG,GG,AG
L175,AA,AG,AG,AG,AG,AA,AG,AG,AG,AG,AG,AA,GG,AA,AA,AG,AA,AA,AA,AA,AA,AG,AG,AG,GG,GG,--,AG,AA
L176,GG,AG,AG,AG,AG,AA,AG,AG,GG,AG,AG,AG,AG,AG,GG,AG,AG,AA,AG,AG,AG,AG,AG,GG,--,AG,AG,GG,AG
L177,AA,AA,AA,AA,AA,AA,AA,AA,AA,AA,AA,AA,AA,--,AA,AA,AA,AA,--,AA,AA,AA,AA,AA,AA,AA,AA,AA,AA
L178,AG,AA,GG,AG,--,GG,AA,GG,AA,GG,GG,GG,AG,--,AG,AA,AA,GG,AA,AA,GG,AA,GG,AA,AG,GG,AA,--,GG
L179,TT,TG,TT,TT,TT,--,TT,TT,TT,TT,TT,TT,GG,TG,TT,TT,--,TT,GG,TT,TT,GG,TT,TT,GG,TT,TT,TG,TT
L180,AG,AG,GG,AG,AA,GG,GG,GG,--,GG,AA,GG,AA,GG,AG,AG,AG,AG,GG,AG,AA,--,AA,AG,AA,AA,GG,GG,GG
L181,CC,TT,TT,CC,TT,TT,--,CC,TT,TT,CC,TT,CC,TT,TT,TT,TT,TT,CC,TT,TT,TT,TT,TT,TT,TT,TC,TT,CC
L182,GG,AG,GG,AG,GG,GG,AG,AG,GG,GG,AG,GG,GG,GG,AG,AG,GG,GG,GG,AG,GG,AG,AG,GG,GG,AG,GG,AG,GG
L183,TT,GG,GG,TT,GG,GG,TT,GG,TT,TT,TT,TT,TT,TT,TT,TT,TT,TT,TT,GG,TT,GG,TT,TT,TT,TT,TT,GG,TT
L184,TT,CC,TT,CC,CC,--,--,--,--,TT,TT,TT,--,CC,TT,--,TT,TT,--,CC,TT,TC,TT,TC,TC,TT,CC,TT,CC
L185,AA,GG,AA,AG,AG,AG,AA,GG,AG,AA,AG,AA,AG,GG,AA,AA,AG,AG,AA,AA,AG,GG,AG,AA,AA,AA,AG,GG,AG
L186,AA,TT,TT,AA,TT,AA,TT,AT,AA,TT,AA,AA,AA,--,AA,TT,TT,TT,AA,AA,AA,AA,AA,TT,TT,AA,AA,AA,AA
L187,AA,--,AA,AA,AA,AA,AA,AA,AA,AA,AA,AA,AA,AA,AA,AG,AG,AA,AA,AA,AA,AA,AG,AA,AA,AA,AA,AA,AA
L188,CC,CC,CC,CC,TC,TC,CC,TC,TC,TC,CC,CC,CC,TC,TC,CC,CC,TC,CC,CC,CC,CC,CC,CC,CC,CC,TC,TC,CC
L189,CC,AA,CC,AA,AA,AA,CC,CC,CC,AA,CC,AA,CC,AA,CC,AA,AA,AA,AA,AC,AA,AA,AA,AA,CC,AA,CC,CC,AA
L190,AA,AA,AG,AA,AG,AA,AG,AA,AA,AA,AA,AA,AA,AA,AA,AA,AA,AA,AA,AA,AA,AA,AG,AA,AA,AA,AA,AA,AA
L191,AA,AG,AA,AG,AA,AA,AA,AA,AA,AA,AA,--,AG,AA,--,--,--,AA,AA,AA,AA,AA,AA,AA,AA,AA,AA,AG,AA
L192,CC,CC,CC,TT,CC,CC,CC,CC,TT,CC,CC,CC,TT,CC,CC,CC,CC,CC,CC,CC,CC,CC,CC,CC,CC,CC,CC,CC,CC
L193,CC,CC,CC,CC,CC,CC,CC,CC,CC,CC,CC,TT,TT,CC,CC,TT,TT,CC,CC,CC,CC,CC,CC,TT,CC,TT,CC,CC,CC
L194,GG,GG,GG,GG,GG,GG,GG,GG,GG,GG,GG,GG,GG,AG,GG,AG,--,GG,GG,GG,GG,GG,GG,AG,AG,GG,AG,GG,GG
L195,CG,CG,CG,CG,CG,CG,CG,CG,CG,CG,CG,CG,CC,CG,CG,CG,CC,CG,CG,CG,CG,CG,CG,CG,CC,CG,CC,CG,CG
L196,CC,CC,CC,CC,CC,CC,CC,CC,CC,CC,CC,CC,TT,CC,CC,TT,CC,CC,CC,CC,CC,CC,CC,CC,CC,CC,CC,TC,CC
L197,AA,AA,CC,--,CC,AA,CC,CC,CC,CC,CC,AA,CC,AA,AA,CC,CC,AA,CC,CC,--,CC,CC,AA,--,CC,CC,CC,AA
L198,GG,GG,AA,AA,AA,AG,AG,AA,GG,GG,AA,GG,AA,GG,AG,AG,GG,AA,GG,GG,GG,AG,--,GG,GG,AA,AA,AA,GG
L199,GG,--,--,GG,GG,AA,GG,AG,GG,GG,--,AG,AA,--,AG,GG,AA,AG,AA,GG,GG,GG,GG,AG,AA,GG,--,--,GG
L200,AA,GG,GG,GG,GG,GG,GG,GG,GG,GG,GG,GG,AA,AA,GG,GG,GG,GG,GG,GG,GG,GG,AA,GG,AA,AA,AA,GG,GG
L201,--,AG,AG,AG,--,AG,AG,AG,AG,AG,--,AG,GG,--,GG,GG,AG,--,AA,--,AG,AA,--,GG,AA,GG,--,AA,GG
L202,CC,TT,TT,TT,CC,TT,TT,TT,TT,TT,CC,CC,TT,TT,CC,TT,TT,TT,TT,TT,TT,TT,TT,TT,TT,TT,TT,TT,TT
L203,CC,CC,TT,TT,TT,CC,TT,TT,TT,TT,TT,TT,TT,TT,CC,TT,TT,CC,CC,TT,CC,TC,TT,TT,TT,TT,TT,TT,TT
L204,TT,TT,CC,TT,TC,TC,TT,TT,TT,TT,TT,CC,--,TT,TT,TT,TT,TC,TT,TT,TT,TT,TC,TT,CC,TC,TC,TC,TT
L205,TG,TG,TG,TG,TG,GG,GG,TG,TT,TG,TG,--,GG,TG,TG,TG,TG,TG,TT,TG,GG,TG,GG,TG,GG,TG,TT,GG,TG
L206,CC,TT,CC,--,TT,--,--,TT,CC,CC,TT,CC,TC,CC,TC,TT,TC,TT,CC,CC,CC,TC,TT,TT,--,TT,TT,CC,TT
L207,CC,AA,CC,AA,CC,CC,CC,AA,CC,CC,CC,CC,CC,AA,CC,CC,AA,CC,CC,AA,CC,CC,CC,CC,CC,CC,AA,CC,CC
L208,TT,TC,TC,TC,TC,TC,TT,TC,TT,TC,TC,TC,TT,TT,TC,TC,TT,TC,TC,CC,TC,TC,TC,TC,TT,TC,TC,TC,TT
L209,CC,TC,CC,TT,CC,CC,CC,CC,CC,CC,CC,CC,CC,TC,TC,CC,CC,CC,CC,CC,TC,CC,CC,CC,CC,CC,CC,CC,TC
L210,AA,AG,AG,GG,--,GG,GG,AG,GG,AG,AG,GG,AG,GG,AG,--,GG,AG,GG,AG,GG,GG,AG,AG,GG,AG,AG,GG,--
L211,AA,AA,AA,AA,AA,AA,AA,AA,AA,--,GG,AA,GG,AA,GG,GG,AA,AA,AA,AA,AA,AA,AA,AA,AA,AA,AA,AA,GG
L212,TT,TT,TT,TT,--,TT,TT,TT,TC,TC,CC,CC,TT,TC,TT,TT,TT,TC,TC,--,CC,TT,TT,CC,TT,CC,TT,TT,TC
L213,CC,GG,GG,CC,GG,GG,GG,GG,GG,GG,GG,GG,CC,GG,CC,GG,GG,GG,CC,GG,GG,GG,GG,GG,GG,GG,GG,GG,GG
L214,TC,CC,CC,CC,CC,CC,CC,TT,CC,TT,CC,CC,CC,CC,CC,TT,CC,CC,CC,TT,CC,CC,CC,CC,TC,CC,TT,CC,CC
L215,AA,AA,AA,AG,AG,AG,AA,AA,AA,AG,AG,AA,AA,AA,AA,AA,AG,AG,AA,AA,AA,AG,AG,AA,AA,AA,AA,AG,AA
L216,--,AG,AG,GG,GG,GG,GG,AG,AG,AG,GG,AG,AG,AG,GG,AG,GG,GG,AG,--,GG,GG,GG,GG,AG,GG,AG,GG,AG
L217,CC,CC,TT,TT,CC,CC,CC,TC,CC,CC,TC,TT,CC,CC,CC,CC,CC,TT,CC,CC,TC,CC,CC,TT,CC,TC,TC,CC,CC
L218,TC,--,TC,--,TC,--,TT,TC,TC,TC,--,--,CC,TT,TC,TT,CC,--,CC,CC,TT,--,TC,--,CC,CC,CC,TC,--
L219,TT,GG,GG,TG,GG,GG,TT,GG,GG,GG,GG,GG,TT,TT,GG,GG,GG,TT,GG,GG,GG,GG,TT,GG,GG,GG,GG,TG,GG
L220,CC,TT,TC,TC,TC,TC,--,TC,TC,TC,--,TC,CC,TC,TC,TC,CC,TT,--,CC,TC,--,--,TT,--,TC,--,CC,TC
L221,AG,AA,AA,AA,AA,GG,AA,AA,AA,AA,GG,AA,AA,AA,--,AA,AG,--,AA,AA,AG,AG,AA,AA,--,AA,AA,AA,AA
L222,AG,AG,AG,AG,AG,AG,AG,AG,AG,AG,AG,AG,AG,AG,AG,AG,AG,AG,AG,GG,AG,AG,AG,AG,GG,AG,AG,AG,AG
L223,CC,TC,CC,--,TT,TC,CC,--,CC,TT,TT,TC,--,CC,CC,CC,--,--,CC,CC,CC,--,CC,--,CC,CC,CC,CC,--
L224,TT,TT,GG,GG,GG,GG,GG,GG,GG,GG,GG,GG,TT,GG,GG,GG,GG,GG,GG,GG,GG,GG,GG,GG,TT,GG,GG,GG,GG
L225,GG,GG,GG,GG,GG,GG,GG,GG,GG,GG,GG,GG,GG,GG,GG,GG,GG,GG,GG,GG,GG,GG,GG,GG,AA,AA,GG,GG,GG
L226,TT,GG,GG,GG,GG,GG,GG,GG,GG,GG,GG,GG,TT,GG,GG,GG,TT,GG,GG,GG,GG,TT,GG,TG,TT,GG,GG,GG,TT
L227,AA,AA,AA,AA,AA,AG,AA,AA,AA,AA,GG,AA,AA,AG,AA,GG,AA,AA,AA,GG,AA,AG,AA,AA,AA,AA,AA,AG,AA
L228,GG,GG,GG,GG,AA,AA,GG,AG,GG,GG,GG,AG,GG,AG,GG,AA,AA,GG,AG,AG,--,GG,GG,GG,AA,GG,GG,AA,AA
L229,--,TC,CC,CC,TT,TT,TT,CC,TT,TT,TT,TT,TT,--,TT,TT,TT,TT,TT,TT,CC,CC,CC,TC,TT,TT,CC,TT,TT
L230,CC,CC,CC,CC,CC,--,CC,--,CC,CC,--,TC,--,CC,--,TC,CC,--,CC,CC,CC,CC,--,CC,CC,CC,CC,CC,--
L231,TT,TT,TT,TG,TT,TT,TT,TT,TT,TT,TG,TT,TT,TT,TT,TT,TT,TT,TT,TT,TT,TT,TT,TT,TT,GG,--,TT,TT
L232,TT,TC,TT,TT,TT,TT,TT,CC,TT,TT,TT,TT,CC,TT,CC,TT,CC,CC,TT,TT,TC,TT,TT,CC,TT,TT,CC,TT,CC
L233,AA,AA,AA,AA,AG,GG,AA,AA,AA,AA,AA,AA,AA,GG,AA,AA,AA,AA,AA,AA,AA,GG,AA,AA,GG,AA,AA,AA,AA
L234,GG,TG,TG,GG,GG,GG,TG,TG,TG,GG,GG,TG,GG,--,GG,GG,GG,GG,TG,GG,GG,TG,TG,TG,GG,GG,GG,GG,TG
L235,CC,CC,CC,TC,--,CC,--,CC,TC,CC,CC,CC,CC,TC,CC,TC,TC,CC,CC,CC,CC,TC,CC,CC,CC,CC,CC,CC,TC
L236,GG,GG,GG,GG,GG,GG,GG,GG,GG,TG,GG,GG,GG,TG,TT,GG,GG,GG,TG,GG,GG,GG,GG,GG,GG,GG,GG,GG,GG
L237,GG,GG,AA,AA,GG,GG,AA,AA,GG,GG,GG,GG,--,GG,AA,GG,AA,GG,AA,AA,AG,GG,AA,AA,GG,AA,AG,GG,GG
L238,GG,GG,GG,AA,GG,GG,GG,AA,GG,AG,GG,AA,GG,GG,GG,AG,AA,GG,GG,GG,GG,GG,GG,GG,GG,AA,GG,GG,GG
L239,CC,TT,CC,CC,TT,TT,CC,CC,CC,CC,TT,TC,TT,CC,TT,CC,TT,TT,TT,CC,CC,CC,CC,CC,TT,TT,CC,TC,TT
L240,CC,CC,CC,CC,CC,GG,CC,CC,GG,CC,CC,CC,CC,CC,CC,CC,CC,CC,GG,CC,CC,GG,CC,CC,GG,CC,CC,GG,CC
L241,TC,TC,TC,CC,TC,TC,TC,TC,TC,CC,TC,TC,CC,--,TC,CC,TC,TC,--,CC,TC,TC,TC,TC,TC,TC,CC,CC,TC
L242,TT,CC,--,--,--,TT,--,TT,CC,TT,TT,--,CC,CC,TT,CC,CC,CC,TT,TT,TT,TT,CC,TT,TT,TT,TT,TC,TT
L243,AG,GG,AG,--,--,AA,GG,GG,AA,GG,GG,AG,AG,AG,GG,GG,AG,AA,--,GG,AG,AG,GG,AG,AA,AA,GG,AG,GG
L244,GG,GG,GG,GG,GG,GG,AG,GG,GG,GG,GG,GG,GG,AG,GG,GG,GG,GG,GG,GG,AG,GG,GG,GG,GG,GG,GG,--,GG
L245,AA,AA,AA,--,AA,CC,AA,AA,AA,AA,AC,AA,AA,AA,CC,AA,CC,AC,AA,AA,AA,--,CC,AA,AA,CC,AA,AA,CC
L246,GG,TG,TG,TG,TG,GG,GG,GG,--,TG,TG,--,GG,GG,GG,GG,TG,GG,TG,GG,--,GG,--,GG,GG,--,GG,--,GG
L247,--,TT,--,--,TG,--,--,GG,--,--,GG,GG,TG,TT,GG,TT,TT,--,TT,GG,TT,GG,TT,--,TT,TT,TT,TT,TT
L248,AG,AA,AG,AA,AA,AA,AA,AG,AG,AA,AA,AG,AA,AG,AA,AG,AA,AA,AA,AA,AG,AA,AA,AA,AA,AA,AG,AG,AA
L249,AA,GG,GG,GG,GG,AA,AA,GG,GG,AA,AA,GG,AA,AA,AA,GG,GG,GG,GG,AA,AA,GG,GG,AA,AA,GG,GG,GG,AA
L250,CC,CC,TT,CC,CC,TT,TT,TT,CC,CC,CC,TT,CC,TT,TT,CC,CC,TT,CC,TT,TT,TT,CC,TT,CC,TT,CC,TT,CC
L251,AA,AA,AA,AA,AA,AA,AA,AA,AA,AA,AA,AA,AA,AA,AA,AA,AA,AA,AA,AA,AA,AA,AA,AA,AA,AA,AA,AA,AA
L252,TT,TT,GG,GG,TT,TT,TT,GG,TT,TT,TT,TT,TT,TT,TT,GG,GG,TT,TT,TT,TT,TT,TT,TT,TT,TT,GG,TT,TT
L253,TT,GG,TT,TT,TT,TT,TT,TT,TT,TT,GG,GG,TT,GG,TT,GG,TT,TT,GG,GG,GG,GG,TT,TT,GG,TT,TT,GG,TT
L254,TT,GG,GG,GG,GG,GG,TT,GG,GG,GG,GG,GG,GG,TT,GG,TT,TT,GG,GG,GG,GG,TT,TT,TT,TT,GG,GG,GG,GG
L255,AA,AA,--,AA,AA,--,AA,AA,--,--,AG,--,AA,AA,--,AA,AA,AG,--,AG,AG,AA,AA,AA,AA,AG,AA,AA,AA
L256,--,TT,CC,CC,CC,CC,TC,TT,TT,TT,CC,CC,TT,TT,TT,CC,TT,CC,TT,TT,TT,TT,TT,--,--,TT,TT,TT,CC
L257,GG,GG,GG,GG,GG,GG,GG,GG,GG,GG,GG,GG,GG,GG,AA,GG,GG,AA,GG,GG,GG,GG,GG,AA,GG,GG,GG,GG,AA
L258,GG,GG,AA,AG,GG,GG,GG,AG,AG,AG,AG,--,GG,GG,--,GG,GG,GG,GG,--,GG,AG,AG,--,GG,AG,AG,AA,GG
L259,GG,GG,AA,GG,--,GG,GG,--,AA,AG,GG,--,--,AA,AA,--,GG,GG,--,GG,GG,GG,GG,GG,AA,GG,AG,AA,AA
L260,TT,TC,TT,TT,TT,TT,TT,--,TT,TT,TT,--,TT,--,--,TT,TT,TT,TT,TT,--,TT,TT,TT,TT,TT,TT,TT,TT
L261,GG,CC,GG,CC,GG,GG,GG,CC,GG,CC,GG,GG,GG,CC,GG,CC,GG,GG,CC,GG,CC,GG,GG,CG,GG,GG,CG,CC,GG
L262,AT,AA,AA,AA,AA,AT,AA,AT,AT,AT,AA,AT,AT,AA,AA,AA,AA,AT,AA,AA,AA,AT,AA,AT,AA,AA,AA,AT,AA
L263,AA,AG,GG,AG,AA,AA,AA,AG,AA,AG,AA,AA,AA,AG,GG,AG,GG,AA,GG,AA,AA,GG,GG,AA,AG,GG,AA,AA,AG
L264,TC,TT,--,CC,CC,CC,CC,CC,CC,TC,CC,CC,CC,--,CC,CC,CC,CC,CC,CC,CC,CC,CC,CC,TC,TC,CC,CC,TC
L265,TC,CC,CC,CC,TT,TT,TT,CC,TT,TT,CC,TT,TC,TT,TT,TT,TT,TT,CC,TT,TT,TT,TT,TT,CC,TT,TT,TT,CC
L266,--,GG,GG,GG,GG,GG,GG,TT,GG,TG,TG,TG,TG,GG,GG,GG,--,TG,GG,GG,GG,TG,GG,TG,TG,TG,TG,--,GG
L267,TT,CC,CC,TT,TT,TT,TT,CC,CC,CC,TT,CC,CC,CC,TT,CC,TT,TT,CC,CC,TT,TT,TT,TT,--,TT,CC,TC,CC
L268,AA,CC,CC,AA,CC,CC,CC,CC,AA,AA,CC,CC,CC,AA,CC,AA,CC,CC,AA,AA,CC,CC,CC,CC,AA,CC,AA,AC,AA
L269,--,GG,AA,GG,AA,AA,AA,AA,GG,AA,AA,GG,AA,GG,--,GG,AA,AG,GG,AA,GG,GG,GG,GG,GG,GG,AA,GG,AA
L270,TT,GG,TT,GG,GG,TT,GG,GG,GG,GG,GG,GG,TT,GG,GG,TT,GG,TT,GG,GG,GG,GG,GG,GG,TT,GG,TT,GG,TT
L271,TC,CC,--,CC,CC,CC,CC,CC,TT,CC,--,CC,CC,--,TT,CC,CC,CC,CC,CC,CC,TT,TC,TT,TT,CC,CC,CC,CC
L272,AA,AG,GG,AA,AA,AA,AA,GG,AA,GG,GG,GG,AA,AA,AA,GG,AA,AA,AG,GG,AA,AG,GG,GG,GG,GG,GG,AA,GG
L273,TG,TT,TG,TT,GG,GG,GG,GG,GG,TG,GG,GG,TG,TT,GG,GG,GG,TT,TT,TT,GG,GG,--,GG,TG,TG,GG,TG,GG
L274,CC,TC,CC,CC,CC,CC,CC,CC,CC,CC,CC,CC,CC,CC,CC,TC,CC,CC,CC,CC,CC,CC,CC,CC,CC,TC,CC,CC,CC
L275,AA,AG,--,AG,GG,GG,AA,AA,GG,GG,--,--,GG,GG,--,--,--,AG,--,--,GG,GG,AG,GG,GG,GG,--,--,GG
L276,GG,AA,GG,AA,GG,AA,GG,GG,GG,GG,GG,GG,GG,AG,AA,AG,AA,GG,AA,AA,GG,GG,AA,AG,AG,GG,AA,AA,AA
L277,CC,AA,CC,AC,AA,CC,AA,AA,CC,CC,AA,AA,CC,CC,AA,CC,CC,CC,--,CC,AA,AA,AA,AA,AC,CC,AA,AA,CC
L278,TC,TC,TC,TC,TC,CC,TC,TC,CC,--,CC,TC,TC,CC,--,--,--,TC,TC,TT,--,CC,--,TC,--,TT,TC,TC,TC
L279,GG,GG,GG,--,GG,GG,TG,GG,TG,GG,GG,TG,TG,--,GG,GG,--,GG,GG,GG,GG,--,GG,GG,GG,GG,GG,GG,GG
L280,TC,CC,CC,CC,TT,CC,TT,CC,CC,TT,CC,CC,TC,CC,CC,TT,CC,CC,CC,TT,TT,CC,CC,CC,CC,TT,CC,CC,CC
L281,CC,TT,TT,CC,TT,CC,TT,CC,CC,TT,CC,CC,CC,TT,CC,TT,TC,TC,TT,TC,CC,TT,TC,CC,TC,CC,CC,CC,TT
L282,TT,CC,CC,TT,TT,TT,CC,TT,CC,TT,TT,TT,CC,CC,TT,TT,TT,TT,CC,TT,TT,TT,TT,TT,TT,TT,TT,CC,TT
L283,TC,TT,TC,TT,TT,TT,TC,TC,TT,--,TT,TT,TC,TT,TT,TT,TT,--,--,--,TC,TC,TT,TC,TT,TT,TT,TC,TC
L284,TT,TG,TG,TT,TT,TG,TT,--,TT,TT,--,TG,TT,TT,TT,TT,TG,TT,TT,TT,TG,--,TT,TG,TT,TG,--,TT,TT
L285,TG,TG,TG,TG,GG,GG,TG,GG,GG,GG,GG,GG,TG,--,GG,--,--,GG,TG,GG,TG,GG,GG,GG,GG,TG,TG,GG,TG
L286,--,GG,AA,AA,GG,AG,AG,--,GG,AA,GG,AG,GG,AG,GG,GG,GG,GG,GG,GG,AA,AA,GG,AG,GG,GG,GG,AG,GG
L287,GG,GG,GG,--,GG,GG,GG,GG,GG,GG,AA,GG,GG,AG,GG,GG,GG,GG,GG,GG,GG,AA,GG,GG,GG,GG,GG,AA,AA
L288,CC,CC,CC,CC,CC,CC,CC,TT,CC,TT,TT,CC,CC,CC,TT,CC,CC,CC,CC,CC,CC,TT,CC,TT,CC,TT,TT,CC,CC
L289,TT,GG,TT,TT,TT,TT,TT,TT,GG,TT,TT,TT,TT,TT,TT,TT,GG,TT,GG,TT,GG,TT,GG,TT,TT,GG,TT,TT,TT
L290,AG,--,AG,AG,AG,--,AG,--,--,--,GG,AG,AA,--,GG,AG,--,AG,--,AG,AG,AG,GG,--,AG,--,AG,--,--
L291,CC,TT,CC,TT,CC,CC,TT,TT,CC,CC,TT,TT,CC,TT,TT,CC,TT,CC,TT,CC,TT,TT,TT,TT,TT,TT,CC,CC,CC
L292,CC,CC,CC,TT,CC,CC,CC,CC,CC,CC,CC,TT,CC,CC,CC,CC,CC,CC,CC,CC,TT,CC,CC,CC,CC,TT,TT,CC,CC
L293,CC,TT,CC,CC,TT,TT,CC,CC,TT,TT,CC,TT,CC,TT,TT,CC,TT,TT,TT,TT,TT,TT,CC,CC,CC,CC,TT,TT,CC
L294,--,CC,CC,CC,--,CC,CC,--,CC,CC,CC,--,CC,CC,--,CC,CC,--,CC,--,--,--,CC,CC,--,CC,TC,CC,CC
L295,TT,TC,TT,CC,CC,CC,CC,TT,TT,CC,CC,TC,CC,CC,TC,TT,TC,CC,TC,TC,TT,TT,TC,TT,CC,--,TT,--,CC
L296,AG,AA,AG,AG,GG,GG,GG,AG,GG,GG,AG,AG,AA,AA,GG,AA,GG,GG,AA,AG,GG,--,AG,AG,--,AG,--,GG,GG
L297,AG,GG,GG,AA,AG,AA,GG,AG,GG,GG,--,AG,AA,AG,AG,AG,AA,GG,AA,GG,AG,AG,AG,AG,AG,AG,GG,GG,AG
L298,AA,AA,GG,GG,AA,--,AA,AA,AA,AA,GG,GG,AA,AA,AG,GG,--,AG,AG,AA,AA,AG,AG,AA,AA,--,AA,AA,AA
L299,CC,CC,CC,CC,CC,CC,CC,TC,CC,--,CC,TT,CC,CC,TT,CC,CC,CC,CC,TC,CC,TC,CC,CC,CC,TC,CC,CC,CC
L300,CC,--,CC,--,--,CC,--,CC,CC,--,CC,CC,--,CC,--,CC,--,--,--,--,--,CC,--,--,CC,CC,--,CC,--
